{
    "recipes": [
        {
          "id": 1,
          "name": "Народный борщ",
          "likes": 120,
          "img": "./assets/img/borsh1.jpg",
          "recipe":[
            "1",
            "2",
            "3"
        ]
        },
        {
          "id": 2,
          "name": "Макароны по флотски",
          "likes": 19,
          "img": "./assets/img/poFlotsky.jpg",
          "recipe":[
            "1",
            "2",
            "3"
        ]
        },
        {
          "id": 3,
          "name": "Русские пельмени",
          "likes": 136,
          "img": "./assets/img/pelmen.jpeg",
          "recipe":[
            "1",
            "2",
            "3"
        ]
        },
        {
          "id": 4,
          "name": "Народный борщ",
          "likes": -19,
          "img": "./assets/img/borsh1.jpg",
          "recipe":[
            "1",
            "2",
            "3"
        ]
        },
        {
          "id": 5,
          "name": "Макароны по флотски",
          "likes": 12,
          "img": "./assets/img/poFlotsky.jpg",
          "recipe":[
            "1",
            "2",
            "3"
        ]
        },
        {
          "id": 6,
          "name": "Русские пельмени",
          "likes": 54,
          "img": "./assets/img/pelmen.jpeg",
          "recipe":[
            "1",
            "2",
            "3"
        ]
        },
        {
          "id": 7,
          "name": "Народный борщ",
          "likes": 121,
          "img": "./assets/img/borsh1.jpg",
          "recipe":[
            "1",
            "2",
            "3"
        ]
        },
        {
          "id": 8,
          "name": "Макароны по флотски",
          "likes": -40,
          "img": "./assets/img/poFlotsky.jpg",
          "recipe":[
            "1",
            "2",
            "3"
        ]
        },
        {
          "id": 9,
          "name": "Русские пельмени",
          "likes": 0,
          "img": "./assets/img/pelmen.jpeg",
          "recipe":[
            "1",
            "2",
            "3"
        ]
        }
      ]
}